insert into `user` values ('Pazizo', md5('apicco'), 'amministratore');
insert into `user` values ('Filippo', md5('apicco'), 'bibliotecario');
insert into `user` values ('Julianski', md5('apicco'), 'bibliotecario');
insert into `user` values ('Elvira', md5('apicco'), 'bibliotecario');
insert into `user` values ('Architetta', md5('apicco'), 'bibliotecario');
insert into `user` values ('Aleidita', md5('apicco'), 'bibliotecario');
insert into `user` values ('Anatolio', md5('apicco'), 'bibliotecario');
insert into `user` values ('Beata', md5('apicco'), 'bibliotecario');
insert into `user` values ('Nicole', md5('apicco'), 'bibliotecario');
insert into `user` values ('Ofelia', md5('apicco'), 'bibliotecario');
insert into `user` values ('Pasquala', md5('apicco'), 'bibliotecario');
insert into `user` values ('Quinto', md5('apicco'), 'bibliotecario');
insert into `user` values ('Tcira', md5('apicco'), 'bibliotecario');
insert into `user` values ('Graziano', md5('apicco'), 'bibliotecario');
insert into `user` values ('Maria Tazzina', md5('apicco'), 'bibliotecario');
insert into `user` values ('Patrizio', md5('apicco'), 'bibliotecario');
insert into `user` values ('Fresco', md5('apicco'), 'bibliotecario');
insert into `biblioteca` values ('0216314227', 'Via Santorini', 'Santoro');
insert into `biblioteca` values ('0210203040', 'Via Cocco Fresco', 'Fresco');
insert into `biblioteca` values ('0212116774', 'Via A Picco', 'Di Giacomantonio');
insert into `biblioteca` values ('0250607080', 'Via Remo', 'Calzetta');
insert into `bibliotecario` values ('MRSFPP99D16A182P', 'Filippo', 'Moras', '1999-04-16', 'Alessandria', 'Diploma', '0216314227', 'Filippo');
insert into `bibliotecario` values ('JKWJLK92M03F205L', 'Julianski', 'Jankowski', '1992-08-03', 'Milano', 'Laurea', '0216314227', 'Julianski');
insert into `bibliotecario` values ('STPLVR73H67A123S', 'Elvira', 'Stirpe', '1973-06-27', 'Alatri', 'Diploma', '0216314227', 'Elvira');
insert into `bibliotecario` values ('STLRCT05T49A123C', 'Architetta', 'Stellina', '2005-12-09', 'Alatri', 'Niente', '0216314227', 'Architetta');
insert into `bibliotecario` values ('VRDLDT98A71F205P', 'Aleidita', 'Verdi', '1998-01-31', 'Milano', 'Diploma', '0210203040', 'Aleidita');
insert into `bibliotecario` values ('RSSNTL69E21F205A', 'Anatolio', 'Rossi', '1969-05-21', 'Milano', 'Laurea', '0210203040', 'Anatolio');
insert into `bibliotecario` values ('NTZBTE96B53H501F', 'Beata', 'Antoszak', '1996-02-13', 'Roma', 'Diploma', '0210203040', 'Beata');
insert into `bibliotecario` values ('STNNCL00H47H501H', 'Nicole', 'Santinelli', '2000-06-07', 'Roma', 'Diploma', '0210203040', 'Nicole');
insert into `bibliotecario` values ('MLTFLO97R55F205B', 'Ofelia', 'Amleti', '1997-10-15', 'Milano', 'Laurea', '0212116774', 'Ofelia');
insert into `bibliotecario` values ('NTLPQL66L41F205A', 'Pasquala', 'Natala', '1966-07-01', 'Milano', 'Diploma', '0212116774', 'Pasquala');
insert into `bibliotecario` values ('SSTQNT62D17F205A', 'Quinto', 'Sesto', '1962-04-17', 'Milano', 'Diploma', '0212116774', 'Quinto');
insert into `bibliotecario` values ('TBLTCR80E49F205A', 'Tcira', 'Tbilisa', '1980-05-09', 'Milano', 'Laurea', '0212116774', 'Tcira');
insert into `bibliotecario` values ('RSSGRZ85L20F205W', 'Graziano', 'Rossi', '1985-07-20', 'Milano', 'Laurea', '0250607080', 'Graziano');
insert into `bibliotecario` values ('PRCMRT87E66F205T', 'Maria Tazzina', 'Porcellana', '1987-05-26', 'Milano', 'Laurea', '0250607080', 'Maria Tazzina');
insert into `bibliotecario` values ('NREPTZ70D01F205K', 'Patrizio', 'Neri', '1970-04-01', 'Milano', 'Laurea', '0250607080', 'Patrizio');
insert into `bibliotecario` values ('DJEFSC96A12F205M', 'Fresco', 'DeeJay', '1996-01-12', 'Milano', 'Diploma', '0250607080', 'Fresco');
insert into `apertura` values ('0216314227', '1', '08:00:00', '18:00:00');
insert into `apertura` values ('0216314227', '2', '08:00:00', '18:00:00');
insert into `apertura` values ('0216314227', '3', '08:00:00', '18:00:00');
insert into `apertura` values ('0216314227', '4', '08:00:00', '18:00:00');
insert into `apertura` values ('0216314227', '5', '08:00:00', '18:00:00');
insert into `apertura` values ('0210203040', '0', '08:00:00', '18:00:00');
insert into `apertura` values ('0210203040', '2', '08:00:00', '18:00:00');
insert into `apertura` values ('0210203040', '3', '08:00:00', '18:00:00');
insert into `apertura` values ('0210203040', '4', '08:00:00', '18:00:00');
insert into `apertura` values ('0210203040', '5', '08:00:00', '18:00:00');
insert into `apertura` values ('0212116774', '0', '08:00:00', '18:00:00');
insert into `apertura` values ('0212116774', '1', '08:00:00', '18:00:00');
insert into `apertura` values ('0212116774', '3', '08:00:00', '18:00:00');
insert into `apertura` values ('0212116774', '4', '08:00:00', '18:00:00');
insert into `apertura` values ('0212116774', '5', '08:00:00', '18:00:00');
insert into `apertura` values ('0250607080', '0', '08:00:00', '18:00:00');
insert into `apertura` values ('0250607080', '1', '08:00:00', '18:00:00');
insert into `apertura` values ('0250607080', '2', '08:00:00', '18:00:00');
insert into `apertura` values ('0250607080', '3', '08:00:00', '18:00:00');
insert into `apertura` values ('0250607080', '4', '08:00:00', '18:00:00');
insert into `libro` values ('9788845931437', 'La cognizione del dolore', 'Gadda');
insert into `libro` values ('9788845909825', 'Flatlandia', 'Abbott');
insert into `libro` values ('9788804679301', 'E buonanotte', 'Doesnt Matter');
insert into `libro` values ('9788804677147', 'Tredici', 'Asher');
insert into `copia_di_libro` values ('1', '0216314227', '9788845931437', 'in prestito', '100', '10', '2020-03-26');
insert into `copia_di_libro` values ('2', '0216314227', '9788845909825', 'trasferita', '200', '20', '2020-03-26');
insert into `copia_di_libro` values ('3', '0216314227', '9788845909825', 'disponibile', '300', '20', '2021-02-26');
insert into `copia_di_libro` values ('4', '0210203040', '9788804679301', 'disponibile', '400', '40', '2010-07-24');
insert into `copia_di_libro` values ('5', '0210203040', '9788845931437', 'disponibile', '500', '50', '2021-02-26');
insert into `copia_di_libro` values ('6', '0210203040', '9788804677147', 'trasferita', '600', '60', '2020-03-26');
insert into `copia_di_libro` values ('7', '0212116774', '9788804679301', 'disponibile', '700', '70', '2021-02-26');
insert into `copia_di_libro` values ('8', '0212116774', '9788804677147', 'disponibile', '800', '80', '2021-02-26');
insert into `disponibilità` values ('0216314227', '9788845931437', '0', '1', '2020-03-26');
insert into `disponibilità` values ('0216314227', '9788845909825', '1', '2', '2021-02-26');
insert into `disponibilità` values ('0210203040', '9788804679301', '1', '1', '2010-07-24');
insert into `disponibilità` values ('0210203040', '9788845931437', '1', '1', '2021-02-26');
insert into `disponibilità` values ('0210203040', '9788804677147', '0', '1', '2020-03-26');
insert into `disponibilità` values ('0212116774', '9788804679301', '1', '1', '2021-02-26');
insert into `disponibilità` values ('0212116774', '9788804677147', '1', '1', '2021-02-26');
insert into `utente` values ('RMRFRC99B26D773U', 'Federico', 'Romersi', '1999-02-26', 'Via Inventata');
insert into `utente` values ('VNCLSS00A31E958T', 'Alessio', 'Vinci', '2000-01-31', 'Via Non Lo So');
insert into `contatto` values ('federico.romersi@students.uniroma2.eu', 'email', 'RMRFRC99B26D773U');
insert into `contatto` values ('3338229284', 'cellulare', 'RMRFRC99B26D773U');
insert into `contatto` values ('alessio.vinci@students.uniroma2.eu', 'email', 'VNCLSS00A31E958T');
insert into `contatto` values ('3462606694', 'cellulare', 'VNCLSS00A31E958T');
insert into `contatto_preferito` values ('RMRFRC99B26D773U', 'cellulare');
insert into `contatto_preferito` values('VNCLSS00A31E958T', 'cellulare');
insert into `prestito` values ('1', 'RMRFRC99B26D773U', '2021-02-06', '2 mesi');
insert into `prestito` values ('2', 'RMRFRC99B26D773U', '2020-11-02', '3 mesi');
insert into `prestito` values ('6', 'RMRFRC99B26D773U', '2020-11-02', '3 mesi');
insert into `trasferimento` values ('2', '0212116774');
insert into `trasferimento` values ('6', '0216314227');